,x,y
0,0.5007101413624848,0.615732564055395
1,-0.23477610006609123,-2.3609267464400996
2,3.1100645314716258,1.854068527006064
3,-0.07180821702582298,1.6286339591465273
4,4.42583222766577,1.6329215955572127
5,4.506620341530049,-1.8720863571608508
6,2.921422193713153,0.32983129014619494
7,4.274040360367725,1.3663607808954739
8,4.526641505831627,-2.191948732292516
9,3.7870033891872956,1.2917969831560372
10,3.7331908466116,2.8010799356055567
11,-0.0865741700049521,-1.63068742936291
12,0.49245690075913134,2.27573832536301
13,4.631786043741184,-2.4700892699288
14,4.769519394291191,1.982222614329285
15,1.9526140903167306,-1.1816162052490362
16,4.045117262254484,1.6087135425598753
17,3.4879815508673486,1.511806604176621
18,-0.11421305460313609,2.384567425969607
19,-0.07967394020097664,1.8606196853224288
20,3.464662563495903,2.039645027083581
21,4.148973258162675,1.6467833888505765
22,4.420209576591747,2.0137289748530676
23,0.20988941630406696,2.35934111819885
24,1.8169064205498175,-0.00892090440698295
25,5.147017396998684,2.112814006166925
26,-0.4255484991580537,2.6167523220668576
27,1.3158340401893192,-2.121322636055439
28,2.4635974853662286,-0.41254130027457653
29,5.080901428912515,2.0662554890375557
30,4.093792107710357,-1.9008124775034658
31,0.20385086300429867,1.758010061913641
32,3.5496995395167685,-2.33426150017768
33,0.2872371497322199,-1.1161474837364618
34,1.6995753164466598,-0.6124316176258829
35,4.5011868104489015,1.550822351394043
36,1.2308796353410103,0.17962225711836471
37,2.5796181128856617,0.7087456483125829
38,4.521490142886135,1.4813706589193212
39,0.1238091266139008,-2.278919903548589
40,2.1345036403707,-0.1712277773010399
41,3.4533468185501177,2.6454589004769278
42,0.10815516075176299,2.514919018030613
43,1.1790082382746458,-1.6354616623405833
44,3.475678583173431,-1.466729085221075
45,0.3479991026145274,-2.1889539829746765
46,-0.17003498447174506,1.278248391447222
47,3.852245617395819,-1.7445377378048916
48,0.08639119616016337,2.1937919429070596
49,0.1501626310289794,-2.3586305349000596
50,-0.6914384141278115,1.5916284255188882
51,1.633852419311822,-0.009439284369058422
52,1.0885731364665685,0.1021564989319421
53,2.6662594587711492,1.2298299707232498
54,0.1885805534624432,1.843695287862889
55,0.16577253456170252,0.9465776062002784
56,-0.22553300333383264,2.0907762359385256
57,3.431125644930729,2.044326194595615
58,3.672941785180642,2.0883924915077237
59,4.291605504075139,-2.3757484035509804
60,-0.10599214641370307,-1.3556976166534251
61,-0.8710530556675591,-1.4111890272882621
62,4.252109644982255,-1.9248236767370133
63,3.7212768436272343,2.015502798426544
64,4.577526062021119,-1.6023275268017645
65,3.4163518274371176,-1.4420208805782955
66,-0.4875569328270108,-1.8334653015099838
67,1.1609775351781157,-0.22807615593413683
68,0.36099184130872414,-1.5051800781722986
69,4.309808494122431,-2.0868948492849517
70,3.5090424013643413,1.8871938213462696
71,-0.1257461303389835,-1.2489891742942403
72,-0.20285818376075102,1.3440882361182058
73,1.3909365811949863,-1.6058584209841988
74,0.116347313165412,-3.1033619360876252
75,0.7431609939396349,0.7551009868164154
76,0.38654469191434054,2.7224860503970274
77,3.6829019183311296,1.5631322782840338
78,-0.5970303353634241,1.8427536115866032
79,-0.5286489624362596,-0.41332427933820287
80,4.330851001307066,-2.488054613435855
81,0.2290732238987551,2.003605629878094
82,3.994238640370507,-1.852334948389495
83,3.652457742292854,2.0484869887460393
84,3.3307019943500897,-0.6139959881182095
85,3.9228031606260187,-2.4585116173644677
86,4.363581410161769,-2.1615782626092286
87,-1.1421246978418529,-2.1252477578482107
88,0.26487940586345804,0.6779126850005747
89,0.4733572273743159,-2.2149919944128085
90,4.491784883918632,1.9145398264191367
91,3.210943740474533,1.8173699168814486
92,4.057913410858819,-2.0715452732302744
93,0.3906716702491294,-1.0021927052885267
94,2.600986482087198,-0.5504512847338173
95,4.367056896630524,-0.5269539209742259
96,4.47791599446779,-1.174128187781984
97,5.091229322940549,-1.1077335377187723
98,-0.27635758913359065,-2.518335782742723
99,4.234412834636999,2.3761142434768594
100,3.82129787679375,-2.0562575283768614
101,3.844807213542002,2.628321098213299
102,2.466159302698452,-1.593962029869376
103,0.6271003891439035,-2.714577322894281
104,3.7856021278632923,1.458325856275156
105,3.2361365008844927,-1.9229860399590641
106,5.090295157281954,1.937868423274773
107,1.1617529099126611,-2.0643591354206956
108,3.6818541162539935,1.6033229065895283
109,4.248620246517511,-1.0456231024859788
110,-0.7354423213016273,-1.8186640850392801
111,3.761778279232228,2.9357009852379057
112,0.28738046700205566,-2.497243952735847
113,-0.40179995644990235,-2.1784668660383613
114,0.37353591930894375,2.098013673313363
115,4.4274912890723765,-1.9053215399568721
116,4.0206404178863195,-1.8138657598197103
117,4.252076366527822,2.4558929626250867
118,3.000298919880586,-0.2385940658825768
119,0.649921119122652,1.7649082297807603
120,4.01184618297576,-2.6760639433469464
121,0.7809407053112497,2.2505588144359185
122,2.3825902233411878,0.1753978933518909
123,4.060565162312569,2.9421854237167775
124,3.6832191163283037,-1.7841765169497363
125,0.5036852146371985,-1.9120834346024322
126,5.47841258032911,1.9469051478440724
127,3.9918259472147772,2.0455410187915626
128,0.021198982654200848,1.4924700557890493
129,3.160285718446988,2.0160036000022425
130,4.369914453874627,-2.109367814744849
131,0.14660550681817053,-1.9834615901784525
132,2.9953270356273505,2.72536929074412
133,-0.5933301889481827,2.1379923738361724
134,4.237899895015765,-2.2422254892264
135,0.10041302895906803,-1.7164329367123499
136,4.412388552559064,-2.8406065082137566
137,-0.6779017127356082,-2.8324854848903986
138,1.7648874085413768,-0.5330772274959386
139,2.082722264533909,0.17161234719265273
140,0.668961727162018,1.3246417394056533
141,3.3868828050109405,-1.4504986762126637
142,-0.2359595735682406,-2.5044141568766607
143,4.580955355216699,-0.954470124363088
144,4.0793706396050595,-3.0981463307529324
145,0.5769617926124222,-0.6056145580200387
146,4.826234139394132,2.040212588217245
147,-0.16029724716719335,-1.1576757284869463
148,3.1579639527404284,0.8229963910544595
149,4.448455103305893,1.7380647167306216
150,1.5501504918539462,-1.1440139504750098
151,3.600758734745485,0.2738951194812872
152,0.15528101613787926,0.17062072463633798
153,1.5483945346262156,-0.3475027036587663
154,2.733167502259865,0.8509985370199509
155,4.160949272037246,2.8905751573649985
156,3.3654648782499765,-3.2360343785265964
157,-0.34563015043516543,-1.0082758894982236
158,0.29466278167084015,-1.7649375604562507
159,3.2235554348446263,-1.8736979447436486
160,2.985502746820002,-0.9688735875146772
161,3.8594900130288,-2.6673470278185683
162,4.042727118607771,1.646658620810078
163,4.271443776145267,-1.6979508901904294
164,0.08760917331284844,1.2085691788245732
165,3.4221342077777557,1.7797801945173384
166,4.091408378543931,-3.1380603824055964
167,4.330611115837795,1.4618683540866648
168,3.3386340453651258,-1.9741445611139363
169,3.7102527742949585,1.0964847567283549
170,3.858492894825195,1.715809881880234
171,-0.7717760533862001,2.0788754018435855
172,-0.00570956505825365,-1.1453722779237026
173,5.0584508206952545,2.4248911210359267
174,4.074059230489543,1.8403791931939495
175,3.5913308872723064,1.767491650973557
176,0.04560207346571866,-3.516025854556533
177,1.7229264239064026,-1.9098820644393224
178,0.23593297992742068,2.745295202557711
179,0.004245710606839416,2.078018195926177
180,1.856102328650832,-0.03778948230880024
181,3.0485133331581062,-0.311460887375436
182,-0.8857700212708947,-1.7805924579693728
183,4.271414841164642,-1.3456416188934694
184,4.875262973659041,2.322626195989677
185,3.731072803548346,1.835010115192375
186,4.5379665578568975,-1.9592544972841837
187,2.4569664521236456,-0.26554670805184943
188,3.5166505044937675,-1.646088227565115
189,0.9833866992364169,-0.7629355723321455
190,2.347191278160048,1.4935556547979159
191,4.395625933962314,1.5167110353467501
192,2.867907844189612,1.0712189960170109
193,-0.15440198586116885,-1.477204231596005
194,3.580830923797385,-1.0205809413241318
195,-0.03473578766065976,-2.8072974381523896
196,4.422402246541674,2.7814300461309607
197,0.20745070615005753,-2.2301478136743986
198,4.988193030360796,-1.5706582173786399
199,0.47734336924737525,-2.0656939207988736
200,3.395862767459005,-2.2188651641294608
201,3.4110540384720283,-1.3692193277655222
202,-0.9051099192400014,-1.9419863921698457
203,1.1768697699833117,-0.4059644878092695
204,-0.022842709793227854,-2.114338998227779
205,4.034912130850489,-1.729738727811454
206,3.6085620196836494,1.7436716109373305
207,-0.20850988618706542,1.1024659236622316
208,4.092587851911571,0.04099520090344494
209,3.8071561554160893,-1.949165474918362
210,3.9520381452962563,-1.3630155653184644
211,-0.05353597119641105,1.941732619869227
212,1.3446394739981087,-0.3354155983784073
213,4.224155152517103,2.1909208829433955
214,4.557720736675138,-1.8872606588006366
215,2.8072275640131013,-2.068758916178224
216,2.9076833094038226,-0.9425142409886353
217,0.2727350356367904,0.605889069220878
218,0.2752382343401575,-2.538374602589951
219,3.9977422441628905,0.7324156550580165
220,0.8199837818149263,-1.56387753749451
221,4.013108384129803,1.7572913521328544
222,4.357845977358556,1.4173619802869442
223,3.176138507701135,1.7018973675785505
224,3.313697383899494,0.950411237626418
225,0.9780350010632568,1.090032163601852
226,4.023238664412858,-2.3940474054369636
227,3.292412917553336,1.8660524068873134
228,1.0804266623928078,-0.045828173968798395
229,3.7156116120134413,-2.9047082041922843
230,3.773356883913288,2.4719291430071557
231,0.19334194452193057,-2.563504537879134
232,-0.8695858063912847,-2.1883341530775944
233,-0.5460403931901757,1.5628835530875935
234,3.6785783715705103,2.4205567066942275
235,4.265042351396268,2.1149748135531157
236,2.7444438119739907,-2.510725135324175
237,4.6327795862388825,2.235858864612197
238,4.3528090758475075,1.7455136579636938
239,0.4005242764528392,1.2337027153569462
240,3.6045526637907432,1.8945054587062096
241,3.059188898652664,-1.391900765739472
242,2.556043721830176,-0.07630924878831044
243,4.026701397856701,1.4212621082497616
244,0.06546804653885625,-2.6406092888523958
245,-0.17878424940705331,1.2618982427864043
246,-0.2875234619965208,1.8427149500431954
247,0.0014772084279643407,2.7091124876557595
248,1.2619045633710524,-0.4922674833818004
249,3.280947707381615,-0.5580108447200853
250,3.8835602007826138,2.3479480144044227
251,-0.7485434940993345,2.657578943778654
252,0.5396979226819525,2.075933050288686
253,0.5949738363166464,-0.09446961043129172
254,3.933613866332605,-2.349888589692404
255,0.02272776756556169,-2.3928929897988445
256,3.9751442362548337,-1.989053421938827
257,-0.1922667945008842,1.3289082895100317
258,4.393139611885562,-2.0658785658858334
259,2.673369920880475,-2.8886209508678586
260,4.071491029608849,1.8285572709020776
261,3.6679013400110936,2.21551547866739
262,3.056590508318504,1.7526595047806437
263,4.21021572930486,-1.609906410464725
264,3.605690615424363,-1.7589771352050594
265,-0.23007584034333473,-2.373089268245102
266,0.6433196288902979,2.7640253206393925
267,0.380178860980336,-2.515864252532587
268,0.5354526842952166,-3.210646970162797
269,4.24359170707834,2.066355493914236
270,-0.36716882496567604,-1.7291508553653574
271,2.291845319591319,-0.36971869358390563
272,4.086223420315943,-2.0349135891214996
273,-0.6856552180826531,2.371240578649536
274,1.9411255621829,2.0718641070837713
275,4.2296227641948665,-3.1557081028629907
276,2.2915280820895694,-0.051011355135731004
277,3.52921126362633,-1.876229353618324
278,3.563317119984995,1.4029691640699657
279,1.369836688821641,-2.193705839003426
280,-0.665323044142506,2.12161633819666
281,1.7799983396511971,-0.4943014192633503
282,-0.22039396518918902,-3.1729520559173636
283,0.8822857944991124,3.0364394766298517
284,3.8844422712763924,-1.0544717630829594
285,0.10357652984558267,-1.3702409649576568
286,0.269083837327389,-1.917318751867139
287,3.8981458226154166,2.4521534065919783
288,4.224081859513044,-2.49923170328094
289,3.8797632411397056,-2.9098809147015747
290,-0.019619378138068355,2.591498627117532
291,4.556322363914716,1.320938423198542
292,0.25292441894118184,2.581708447195506
293,0.1842321484016643,2.283847740914485
294,4.350414166851012,2.4864501934870256
295,-0.30210939150602895,-1.2444649454938976
296,3.3846984979751706,-1.7131784733701168
297,-0.5679022924877043,2.1812779510620546
298,-1.334513828718015,2.029799498280708
299,1.0792417274246542,-2.063019152655276
300,0.19268935746188245,-2.0946296169981005
301,0.006000008677646701,-2.0082866817073204
302,0.5760916399559258,2.114488036581206
303,0.047647092665500955,2.32497924163536
304,0.14355990447817582,1.5003314912280916
305,0.5643823074171017,-1.232056922860225
306,4.25081409453548,1.1661897216837689
307,4.080248096243352,-2.5695091550836837
308,0.1534607222668085,2.1455123344347093
309,3.764139545765792,-1.5861316119655016
310,0.19336539666419053,1.4386294161785125
311,0.6309193659012127,-2.0644777931338005
312,3.6539965619139916,1.2188618025350322
313,3.9988645818630175,-3.1316052580649116
314,4.281896232618745,2.3000597297505063
315,4.5055332054888755,1.9673212125151929
316,0.039346301555865826,-1.9647610405841565
317,2.547268262913205,0.3129319344537942
318,-0.4804572358106862,2.6425030466938004
319,3.165745015867192,1.088703283660458
320,-0.37081740480360753,-1.7533868030621267
321,3.9088849281876654,2.1711443478911843
322,4.0770875159475555,2.2792819372694773
323,4.334409820580047,-2.2322592773910226
324,3.398593908231326,2.2817156943334127
325,3.8621243433311734,2.579853913099006
326,3.984627547369473,-1.6581346390638656
327,2.033909520177335,-0.523140058555111
328,-0.4539116664149482,-1.41198908282177
329,0.35114533121852015,-1.9298311032862805
330,3.6431649412384624,-2.0075849526387115
331,0.24556522374012668,0.2740509777781458
332,0.9073870589177059,-2.98690477648816
333,0.5454531933519278,1.5971478170773035
334,1.92027103816695,0.3165641159167123
335,0.44978818352542393,2.8636585482120935
336,4.243115407509716,-2.5954980408188044
337,4.042894878638725,1.7906136779730861
338,-0.7251014939671756,1.9134193179849976
339,1.1656163193317588,2.4763140178845204
340,3.888865029246076,-1.794276497024042
341,0.5692725307806111,-2.5384868918919103
342,3.688916689491052,1.9779087961570838
343,4.151423720861218,-1.3833551570465557
344,-0.004284915677094906,-1.844198516390252
345,1.386669515771814,0.2858302747241925
346,4.400668474767867,1.5892313555980477
347,-0.18311327806269978,1.1969605184093235
348,1.383973087916345,-0.3639160725207863
349,4.062921844449185,2.37976323782324
350,2.333175998817474,0.5159045935358992
351,1.8538929547075547,0.6080487526353554
352,1.1851551011999713,0.9791449643310896
353,4.094036135714814,-2.211927317951281
354,2.9574394818711074,2.1077998309363335
355,0.9235525278025747,-2.4071423476911145
356,4.4763163087669735,2.083473892325822
357,-0.17682013806330904,-1.5240274055858112
358,4.252534755432376,1.757779393574124
359,3.400542105807923,-1.6768480430840025
360,1.3223711127136264,-0.8876338016053626
361,0.32861439243364815,2.5722623762457446
362,-0.10321790634732929,2.2547501570588024
363,3.2493586208384118,-0.34523223770973915
364,0.526693562107937,2.744152479999373
365,-0.35991408765690286,1.7413178551841404
366,3.334008606734536,-0.7759971833175761
367,0.1812408873261999,1.97993240445414
368,3.887769845567535,-2.635010711596453
369,3.7486122933536006,-1.5199644608106442
370,0.4732471724552511,2.443609243188651
371,0.24398725421889167,-1.9793795361509268
372,3.927766547411319,2.8524310590202986
373,-0.06851915041822956,-2.391037220302959
374,3.0306988123743905,0.08898266636912001
375,2.2550691132163427,1.0194213543520256
376,4.464701422494512,-1.9441001179807815
377,3.988813548125461,-2.2702894956706974
378,-0.47098790593841255,-2.95490982742992
379,2.956088576021897,-1.6544729792812618
380,-0.1268069381138713,1.2929127806996479
381,0.40530521142411424,-0.7728416976221741
382,-0.6500344417055147,1.487201196041267
383,-0.2632676330553826,2.395525904872181
384,3.9687692332824724,-1.8925650796844486
385,-0.4212582579488777,2.0823661068392147
386,0.12604379072997668,1.994941891879326
387,-0.2698959708158778,2.283671365136664
388,4.766769276611109,2.4302021605646775
389,3.3823706932197526,-1.9724051122126665
390,3.535049072288417,-1.812778148085087
391,4.049269466292361,2.388541022156229
392,1.9980519124846938,0.2605230626929858
393,2.8201199114753783,-0.10924052796912155
394,-0.22058807762222063,-2.6627521963589644
395,3.6952538199937868,-1.6429256517773505
396,4.408524774342427,-1.6497163321174066
397,0.30061862354824215,1.8469572249687256
398,4.781510871346924,1.313411276635345
399,4.392943155185613,2.229286708477621
400,4.607823579258147,0.43825106676022707
401,3.5454139017500905,2.1726544120117586
402,-0.4818680686579663,-1.7925402270945812
403,-0.2330910607682839,2.0132300129933136
404,5.381935736366268,0.7394450237408234
405,-0.2764852087560676,2.2191887625222266
406,-0.15563514204724618,-0.8812654674683116
407,4.3447759440269,1.3999372445230427
408,1.0037792787052187,0.8447468574694985
409,3.7143663391547315,1.2370263036095253
410,3.932610311005501,2.1097975164365073
411,-0.7213627968455617,1.857510773368959
412,4.42007632248743,1.0910104352717038
413,0.8395193319810466,1.0408792644707492
414,-0.6209166426631685,2.4836192404859196
415,3.762509102301743,-2.188369973864156
416,-0.1283512296848487,1.469938594308628
417,4.20819726981316,2.20471521616202
418,0.4067376682045641,-1.5523673097184714
419,-0.8976189522254978,2.504407280178232
420,4.155152288401019,2.173911932871367
421,3.866350312301804,-2.3151849504722275
422,0.2850531986478533,3.2842352701619464
423,0.15926801716981998,-2.9754413139090143
424,3.3520683566566145,-2.0045777037755648
425,3.4837098486564972,2.9721542586239194
426,0.3819024647726769,-1.8814831040962996
427,-0.3589804556634049,-2.01090233665873
428,2.484788929417235,-1.994192195130677
429,-0.4340401100716373,2.8540987786437455
430,-0.4873205968393792,-2.123641139630903
431,1.9495360916582989,-1.8167449729145646
432,2.816327766244698,-0.8543736716056666
433,-0.30941296306977173,-1.792023986503898
434,3.7712135122432517,1.8674136180054777
435,-0.10288447237351778,1.8889510757418173
436,1.986165554967343,-0.19425563532537035
437,2.823521233505362,-1.8207781101398566
438,4.568628728488431,-1.5669132937280679
439,-0.17788757112372067,-2.746074838291938
440,1.2014731931964104,-2.583990084184852
441,-1.0252406026331464,-1.8782344453477082
442,3.581985272240903,1.6915941848725047
443,4.1670249652228115,1.556870569857836
444,3.9313883383674555,2.3639760824312357
445,-0.6667967796960498,2.7135985820048605
446,0.9715391575076282,-0.230477764427468
447,3.7768315384287376,-2.0196828787308223
448,4.268401478481264,1.7414681393836255
449,3.2527958486534425,-2.1404283301647955
450,4.474046219896333,-0.8386595521018776
451,3.2473845898690414,-1.437357634554959
452,-0.4440842805600334,1.5689811085657195
453,0.4379668456696217,-1.9519127658812465
454,-0.17316972152296467,-2.1119668189572853
455,3.2427252377092364,-1.855647210042568
456,0.8230863415500965,-1.4776758530427876
457,0.07363000807817964,2.190231922924434
458,0.4418112623694716,-0.9856996525577235
459,4.446615848947855,2.0611976045631986
460,4.114887704412407,1.706812222857299
461,1.1659932860093378,0.46453752236467144
462,0.5865647664776303,1.3362458325645663
463,0.39569684240988934,-1.8216186906162821
464,0.6191979458001313,-1.828630415574989
465,3.5905385606389553,-1.6432340975683313
466,4.352902093307996,1.2627598356629406
467,3.6648865724264446,1.9541549859673761
468,-0.3210404693190588,-2.65365237966151
469,-0.16393109096650602,-2.5787410443494956
470,1.8811770312942586,1.1463201145949913
471,3.6635174364041228,1.608598594404119
472,0.03297056435283924,1.848345705563737
473,0.4481972740549702,2.252962384934792
474,3.671160944695786,-2.1690147589073288
475,3.8640529012379474,1.9329652223296931
476,3.697813253103992,1.7416265101632917
477,4.342833774849984,-2.4515736143451217
478,4.699195888890749,1.4455090610024617
479,2.84126201525018,-0.20119610187803258
480,3.9313770473036618,-1.861597601419465
481,0.8884872751591175,-0.042502044513645726
482,4.377624386286479,-3.304373204131248
483,1.4548612052748293,0.048200767786541546
484,0.5421188090504508,0.6909950355394836
485,-0.308571971209447,2.0508574023086386
486,2.1945969479014016,-0.2487549820703137
487,4.517908333349091,-1.8465810697993161
488,1.0402060077673165,0.15556181545429523
489,0.4652601511994128,2.715250233590538
490,0.6358933228941193,-1.8086775484153925
491,0.7813798078668063,-2.5023525413923715
492,-0.5930949631178507,2.165371679933019
493,4.115391169485684,-2.1449992619946765
494,-0.147809029782103,-0.8553360734449265
495,0.9186626008413482,-1.059983276643433
496,4.40988797977783,-2.1356999479722734
497,-0.2722814723794837,-1.9117370130756606
498,4.538855596455458,-2.7468592035477757
499,3.346911125476015,-1.6996176045280011
500,-0.5489849934274229,-2.2777337330296774
501,-0.5782594874032956,0.9982681401809474
502,2.5760602065910945,0.3946940143767546
503,-0.5835738786011875,1.1073389330869055
504,0.17022660546088492,2.036852277424925
505,1.49193813705803,0.2863553015057808
506,0.19946856883881497,1.5201543864771858
507,3.7063986293996685,2.7571902813833953
508,0.14047447646474362,1.811051825621509
509,3.0948209100021833,0.7314501172685528
510,0.07611317696808387,-1.5756235353109522
511,-0.913669646575333,2.1238257802991902
512,0.5084390337301524,-1.31491882550695
513,1.1498544694946082,1.0086121157753223
514,0.9945888205374246,1.9975565452913635
515,0.7089046542766316,2.310770099458101
516,2.5367536619517272,-0.9698649554294213
517,3.766489926242993,1.8257331479776577
518,3.732697165823073,-1.7487229718912218
519,3.4455464131553564,-1.6528665996604377
520,3.4913403984872895,-2.0160927921376444
521,3.9799084253720345,-1.3855109542038289
522,3.256234860204292,1.8206295858137
523,3.1653891195308423,1.0021337837211453
524,2.7883740718836796,1.1368435433992519
525,3.82339127573742,-2.262806804729361
526,0.7814882293873808,2.029401204762824
527,3.927060815254628,-1.361230776911766
528,0.3663813540400603,2.219352209671216
529,3.940637954985767,-2.349236508237912
530,4.089794570445091,-3.017942510930768
531,-1.3771475143592977,2.456120422223767
532,2.8919983099969158,1.6235844460583033
533,-0.1745032564625594,-1.954388015829699
534,-1.0946158407798308,-2.4384150188468863
535,4.532320554676365,-1.022601473798007
536,4.004864287158568,-2.192384571880174
537,-0.5509678283196617,2.0032362408793087
538,1.043940015460705,-0.6133389876909543
539,4.8894231985548435,-1.5803235417893429
540,-0.15533345295530976,-1.6526622265904756
541,1.0570734226115848,1.7351844097714464
542,-0.5199722709336903,2.9078540302020817
543,0.008270318224525822,2.7869108172484407
544,4.37611636232955,-3.356230334756921
545,-0.48582163485608737,-2.446424908343402
546,0.9462374813483789,-1.340865405489218
547,-0.17814066539575613,-2.678343363021157
548,0.18663706553350104,2.0460651591920915
549,3.839593826586481,1.2372292588862872
550,1.432504612787235,0.6380490299761843
551,3.691672981588573,2.046505399948614
552,1.0024184497229842,-0.3987081045360864
553,-0.17175147181498066,-3.034318203082993
554,0.5572718650764732,-2.090041593622689
555,3.4933793962517066,-2.3622730484218453
556,0.8856327577725289,2.280333510963303
557,0.5617923623238341,-3.3772842752219936
558,3.3020585549802024,-1.5916623581549265
559,3.957436204341049,2.4569559201963367
560,4.33987231354411,-2.51176672827406
561,3.484777021761813,-2.6934256253950393
562,3.4916756506899618,-2.464280964601847
563,2.8183347518251565,1.638819115271228
564,2.5057750743119778,1.9358104521583321
565,0.5562054796718203,2.329295946142197
566,-0.08911182498555963,-1.299178346730136
567,4.7526119012100585,2.3078894693815912
568,2.8866883123830434,1.5962596522777668
569,-0.5712879817610135,-2.4578323498810533
570,3.9617642098468786,-1.3143694230212681
571,-0.23755643475621477,2.1605818722532115
572,0.0011463731425452837,-1.0097647624434187
573,4.230625611233677,-2.5100720268284054
574,4.066903763894121,-2.590097658801209
575,-0.10723064386011119,-2.2754884998573033
576,-0.24102038849543236,-1.3607235879863335
577,3.5752324781274947,-1.5660705061783986
578,0.14457026534482376,-1.7793650081841474
579,4.099880266162162,1.1343426144205417
580,4.004855578601094,1.9068576817975815
581,0.8318716288177761,-1.1458557252086459
582,4.509257175754451,1.5712066300841458
583,4.646546666979574,1.8895784296472713
584,3.684140959127111,-2.281748345932065
585,0.875768048638454,-1.7053806265629023
586,-0.10372721327877037,1.457828291334711
587,-0.6971544292607983,-2.066676719751581
588,4.311013129833666,-2.215844473721866
589,4.508447187024781,-1.5669043040581025
590,-0.10276796715742835,-2.1804426027146846
591,3.8065469927423248,2.8363525756859884
592,-0.2732734142591001,-1.9422812045429378
593,-1.2373040305399925,-1.0864423861676338
594,0.46494137699926535,-1.102244280393501
595,2.136868586591307,-0.6726074736241976
596,4.287328938535379,-1.4665119475354105
597,4.091384148091369,-2.182058234773138
598,0.3470232840607369,-2.403187701047849
599,4.384244367466566,-1.357815358787454
600,0.011233608619769577,-2.32589862184647
601,-0.9246406550921366,-2.002968850050814
602,4.231398874236011,1.670803882912875
603,3.8446570549287777,-2.228844125636907
604,-0.5134067145200675,2.69096152005779
605,0.39316644180828836,-1.2833502081651733
606,4.272176737351313,-3.1477515372103158
607,3.1272187276209227,-1.6073820252969588
608,-0.1825807603422943,2.850198080921143
609,2.9072455486884277,-1.0187520200648903
610,-0.6045708105802825,2.460983072673516
611,3.104278560209146,2.016001548739977
612,-0.06944013660901364,-1.7488387776113674
613,-0.1869083277625333,-1.3986028616985884
614,-1.1925139130092686,-1.82252321062163
615,-0.09062904127062044,2.26324045208882
616,0.22173966702396952,2.5685694768032756
617,-0.9764572756641721,2.248012961947161
618,3.9886186239877994,-1.5439505598771575
619,0.568944967868483,-2.4216175557583277
620,1.017792530915696,1.5138704424890097
621,4.453485226714504,-2.235859721606908
622,0.7591236411340114,2.4689322296360596
623,4.537221416389987,-1.7900813567961222
624,-0.06395409656093069,2.3643791213306358
625,1.0073114918148651,1.4627661308711102
626,4.3972202808464615,1.1429615690522137
627,3.7438117086288227,1.4076431352701828
628,-0.7374237059220579,-1.8457699313327465
629,-0.05032686214789437,-0.9222076453496251
630,4.4128115269064265,-2.3849574024816063
631,0.48643678975755045,2.3970075106504707
632,4.077734805192578,2.3819576325888923
633,3.3551079989153725,1.0802600325810876
634,0.7401493838293896,1.2495689396653844
635,0.8320963808490812,-1.732510185448004
636,1.9247679536807802,-1.2191005100741625
637,-1.1197813801727272,-2.304563413228393
638,2.609112125395556,-0.08141782116186642
639,-0.15083155559111544,1.0997019574678835
640,3.237664474220998,-2.9673940166355086
641,0.14144375264925169,-2.1834971868534216
642,4.5398821984221795,1.6121839763501424
643,0.6024271502071649,-1.776375788027403
644,3.897733790802722,2.2106969762152966
645,0.8464595153731508,1.0981193800185274
646,-0.1744213869795177,-1.7905867818190087
647,-0.6030397634546151,-2.2651509883329446
648,4.134413734651137,-2.4144026489394483
649,0.10954808791537754,-2.5995109316658063
650,-0.8787415462367274,-1.8159187332294318
651,0.1878531610802289,-2.286024313734513
652,-0.9074199235030235,-1.9743576201927506
653,0.19092158159141717,-1.9543415447999968
654,0.3390553213009423,-2.3428963718610336
655,4.02678448410816,-2.004271323772093
656,4.513442792039099,-1.8971624908867104
657,4.186154934560541,-1.7498476816443422
658,0.1532005159035695,-2.05190844983184
659,4.611498721528254,-2.7771181734057797
660,4.056570820358216,-1.4818934045823233
661,3.860881618666645,1.2690279119714647
662,3.76876727452664,-1.6147902405769687
663,0.25292120490608655,-1.807244725749793
664,-0.35374748200739653,-2.3110170742294165
665,0.2400289553586558,-1.197132481482202
666,5.007513594110373,2.6701610589182465
667,3.143696306577721,0.02767337030243447
668,0.22403839559419078,-1.7826787847201309
669,3.672345661268237,-1.8710046628059045
670,-0.7229151963874116,1.8315110602018994
671,2.8663688055388685,0.353346906729335
672,3.967672336742287,1.7518609911355996
673,2.681944277813626,0.7194453714902401
674,-0.4581402552248675,-2.7617760071954693
675,4.309786146471919,-2.107385465928515
676,0.36026993795525347,-1.7344649576468647
677,4.476432202528069,-2.2818809223998233
678,-0.7207745983225319,-1.4052993347584806
679,4.236133742435066,-1.7588136795789793
680,4.258161652270502,3.0031228578881586
681,4.52646709662023,-1.8793034406743074
682,0.4581049288262135,1.232654006706388
683,0.3994382119291162,2.765820720133357
684,4.533388172004165,1.9394321742222287
685,-0.24870782111336426,2.1076884038126567
686,4.76348214379734,1.9594911217620603
687,-0.8349337476886358,-2.1467762407316218
688,-0.6970786489812135,-2.6843231359983775
689,-0.4187721289378251,1.8333467678138429
690,0.6583485860660975,-2.1167451816806966
691,2.4639100895825217,0.23809243208140485
692,3.9860093879129037,-1.9751018328322831
693,3.76471948670572,-1.4111633821321192
694,0.5859819716573464,-0.601121034908545
695,3.751964913038537,2.1520009347315785
696,2.515184608934289,0.5497093034284362
697,3.6969378848312355,2.0617484748140322
698,1.1354352395310272,1.1351754155079326
699,2.4421308466111786,-2.5495017191730938
700,4.8756595021419775,1.404072582005687
701,0.40003180903910207,-2.6342548888103487
702,0.007990711191556508,3.0036377652058173
703,-0.447033886355129,2.076833152991132
704,0.12020083425197305,-2.913706481842845
705,-0.6086232956384908,-1.9661178657090415
706,1.663278630361719,1.3118308855233238
707,0.5126869368748762,-2.109107057626031
708,-0.5288798912448547,1.5534859794031435
709,4.105369120561374,-2.203796271858457
710,1.3470705439729196,-0.31281162014595754
711,3.234239325415924,-2.0736331081835075
712,2.7197498786624585,0.6810422708199104
713,1.992808053970999,0.640138025402163
714,0.06660554059191554,1.8657442849572243
715,0.0316060262071085,1.9743247416891172
716,-0.4948912298358331,2.3326781288483422
717,0.47905229079465506,-1.4726556817354992
718,-0.1398722512431468,-2.7064467867633275
719,3.5486604663912464,-1.1730128429858413
720,3.6463163670110337,1.4353471174014643
721,-0.24856474916637447,-2.5388954823364314
722,3.8968604454765248,-1.905605709678843
723,2.768057976414228,-1.196760113131001
724,2.901883082648723,0.6744677000753434
725,-0.23878786362773735,2.324983165804822
726,1.385534644848747,0.19869038594783467
727,1.4686245491095415,-0.6592594340776934
728,-0.048992748634709024,-2.030655742764555
729,4.498730487014067,-0.24412628528219488
730,0.3489951114590688,-2.432858370997194
731,0.2633386936743057,2.2583371123724545
732,-0.23641120207414038,1.7269107637578596
733,3.6722638966242362,2.013824003801712
734,0.888266672481488,0.12730520377583618
735,4.945103898290454,-1.2947888837478603
736,3.6499430818003207,-2.3823706232442743
737,0.06379655937593824,-1.9816435852367655
738,-0.07240946576762611,-2.8347624861135587
739,0.6345378128614059,0.9518851829151467
740,0.24241996721246642,1.7016176031412393
741,3.834266307821175,-2.7450812353196237
742,4.23078085431941,2.8698552066587117
743,3.8496971232416346,2.7208782776116767
744,-0.36093431523036446,-1.6395326237788945
745,-0.4941896148726538,2.394024037110471
746,0.18196211263216372,1.6714289399726188
747,3.0644259439296966,-1.2695653072742974
748,-0.8012917689573311,1.901889455433688
749,-0.1621113430183034,2.1956790426380923
750,0.2098049501562857,1.9728956524414574
751,4.848372938739713,1.4091632015665352
752,0.00011702432820327201,1.8374705100577189
753,4.0885172613646965,2.101827363583936
754,2.764066219455638,0.2590933422855726
755,0.5201265350551663,-0.7029015442315771
756,3.653136136586327,-1.264137709919349
757,1.4031008031925918,-1.0026764246423538
758,-0.050298172382865936,-0.9880742731944516
759,-0.4704719669068177,2.0293508473464885
760,-0.01256928677935431,2.3840393218792557
761,-0.667383402118661,-3.364308254332655
762,4.329383485186151,-2.0710809619163637
763,3.3959574800204964,-1.0838109262520124
764,2.3815979602748687,0.8301475599948729
765,4.02155518580825,2.236919044800096
766,0.932068811812802,-1.990563287257491
767,-0.47355027826428553,-2.047001408558131
768,-0.09682442634680541,-1.81829272078536
769,2.947527607705203,0.24090499584829866
770,0.2544291838351702,-1.9152597789795476
771,3.405488538646696,-1.9018369425944033
772,-0.08175008156478125,2.049078272020596
773,2.475906510618124,0.46102991576913116
774,3.1297766965970495,-0.8474436500930036
775,4.427915367942502,1.5195745344180023
776,-0.1507611959465658,1.655762520354426
777,3.9389718369994093,1.8673002225589168
778,0.23204545826178175,-1.7878454037172404
779,4.446535192480348,2.2832808248910323
780,1.986373276814078,-0.4350141254776119
781,3.8519616162648416,1.9609261312525637
782,3.029585475101187,0.4321917859946331
783,0.486231670495712,-1.899740334981294
784,3.752626844395623,1.55552354145758
785,4.339853606072873,2.080621111827503
786,-0.47198991424157577,-2.702658402016202
787,4.2923564753582175,-1.8711082006474842
788,0.04308037225034326,-0.887136709589941
789,3.714192052220267,-0.44675344225911706
790,3.536681196218247,-1.072851694683087
791,0.5869931888097173,2.0686588233812304
792,0.7755585916332689,-2.6190864912046714
793,4.04220461852217,-2.240777105800022
794,3.394455011520355,1.163370047124466
795,2.3567445166222134,-0.20580444969480188
796,3.5601717831796917,1.6733909965711042
797,-0.4298288621699484,-2.5183477243011745
798,-0.9167606223157204,3.4901668083446156
799,-0.25667194548895955,2.5506461586561215
800,1.90492048606012,-0.3518992039562658
801,-0.3924876920192432,-2.319929846491106
802,1.4422514113950902,0.7061201253164439
803,3.021773550577117,2.52850221502329
804,-0.5560962330252573,1.3968372712799046
805,2.4379655890645284,0.7867402705778153
806,0.372482851560822,2.46534058809209
807,1.295082454419659,0.1603187714527013
808,-0.007288667003664439,2.5096566846585366
809,1.0655563249811009,0.7525735698721274
810,3.375615909722714,0.08325408876374304
811,3.284582254180195,1.892746945325038
812,-0.18991900816652582,-1.8336704638265107
813,-0.29109681797246756,-1.6367732327752569
814,-0.5586598078921832,-2.116227418087667
815,0.3758250674536879,2.2539611365961907
816,-0.6200666786891692,-2.1106758857769123
817,4.039402889153256,1.5756265125619817
818,-0.9722373529113169,-1.9751711239525125
819,4.260323638640791,-3.010167917687982
820,3.35923812524831,1.531996071154889
821,4.4728836160061896,-1.8842789573891605
822,-0.09181485007655142,2.5130442989960136
823,-0.5825452867056292,-1.5939134796407854
824,1.8488647693816125,-0.14134369243977346
825,2.5004554851081116,0.3337236240353882
826,-0.840739412832616,2.1828295655937606
827,3.808527885651011,-1.9305419847837297
828,0.6159933879861523,1.0762882305228973
829,0.14617802432005822,2.1028275305822057
830,4.426406309464382,-1.900034888531848
831,4.277684590300961,0.6234942223288342
832,4.298220939264902,2.0365619892208118
833,0.3617096243519821,-2.6568036362225276
834,-0.2608498843918246,2.001726009212592
835,0.48629386347835996,-1.081748059148404
836,2.5502350337888977,1.1028809265078756
837,-0.9606574735544855,-2.1526886787195822
838,3.5734887448010286,1.8724708369472398
839,-0.8172225044156317,-0.9240714897538118
840,-0.019377026059154905,-2.1272284911645256
841,-0.07422876778167964,-1.8651317237664136
842,3.5705591619669517,-1.5517318778415425
843,0.2668886735153801,-1.7488243009405424
844,0.18250029636286563,-1.8373421297566892
845,3.736062631855174,-0.6526789520731944
846,4.125012890162039,-2.3556230883984597
847,4.3944805887411995,2.309931250432875
848,-0.062039421258082865,-1.7443662847664358
849,3.2916360262682467,1.1787829379433057
850,0.04375989228293049,1.7348625280849492
851,0.8460761014504155,-1.7672978463679068
852,2.1001971443828027,0.2713858755447722
853,-0.39157512499087815,-2.398623862955411
854,2.4730300069498807,0.8183782005186302
855,3.1871797736092202,1.8030255167797975
856,2.5145368530717067,1.1219741861843822
857,1.1915324776709306,0.29950581582443914
858,4.068629289383451,-2.271189427567946
859,3.660406835000514,-1.6296890516856375
860,0.09133531593138709,-2.4166432471685435
861,-0.03409104576480541,1.917774579846586
862,0.566165395669728,-2.466597443342497
863,3.231043647594447,-2.7792583778625684
864,-0.4661770704617732,2.090641571142931
865,1.7070103600281457,0.3045209141383928
866,3.3897248225365884,1.7691931671182513
867,4.396573023404455,-1.637653480272303
868,-0.2306027720562572,-1.674200931946722
869,1.1996579334878346,-2.155169830795443
870,4.739793292782115,1.8117545305214788
871,-0.45359845494685946,-2.5367464571620824
872,4.66794365123946,-2.141166458696358
873,5.213191988365711,1.5359160094343696
874,3.892149272131391,-1.7524717159100764
875,2.5487807461905616,-0.6666601361629672
876,-1.0801521904536875,1.6318172472064145
877,4.648027977876556,-1.4719342856142592
878,3.9413185648956732,1.5478296396489266
879,4.38221665722879,-2.530911811011266
880,3.9196481882774767,-2.784745176006483
881,-1.1849282173710693,-2.295459975487331
882,0.37424722498871077,-1.147788531589352
883,4.535479623745532,2.638630383930935
884,4.482624057232469,-2.1412088287658086
885,-0.3682768332318002,2.747520344029854
886,3.5201862500601293,-0.5535378228005997
887,2.5384709184446477,-1.1163337634875885
888,-0.5993137539379602,-1.9887784296030195
889,-0.04485205943666326,-1.3690588217366582
890,3.9749719927640776,2.4883359405341445
891,3.724585120726955,-2.557767488033106
892,0.28795807083164654,-1.7537324060848347
893,0.6980082549957481,-2.3011208360171933
894,4.656924611213457,2.2121480508257445
895,4.118141532336354,2.4380924790553045
896,4.302762827175853,-2.3494404086031278
897,1.1902400305575493,-0.19767989244196715
898,0.01881977780673782,-2.219408606933813
899,-0.9167461100829166,2.473449289643385
900,-0.5232149770049155,1.7358992060232883
901,3.1575969640601054,-2.264397855045624
902,0.9141168353034617,1.5225031814913124
903,3.88406370594291,1.1149259275095706
904,1.0399860168154924,-0.2505844130860491
905,4.491373522078794,-2.608957058052355
906,0.30834628904713124,-2.7390094007791035
907,3.1016763745972296,1.8424872869567503
908,4.994302393536816,1.2746293194428624
909,-0.30861571558496564,-1.6546634140307543
910,4.686280574121,-2.2768262262850194
911,-0.16463486810870073,1.928522939683328
912,2.4786421260348614,-0.1667403103630009
913,4.182646426301895,-1.4937959168223918
914,0.33069706107357694,1.9344901506897
915,1.0021573840477425,-0.09835549674219533
916,5.1113750318732425,2.472952066679467
917,0.2709120976186071,1.8568941520475213
918,2.5276011616773766,-0.12393556416779154
919,0.24650349712607952,1.5449835420297893
920,3.3517350241799755,1.5894441187115764
921,1.3761580049162692,-0.5324690098769427
922,2.0682859109762637,1.1172337576619396
923,2.542290985005067,2.5127956964577183
924,4.250923554339571,-1.6124829253181603
925,3.806473711288781,1.8342641205221986
926,0.5258704928973678,-1.8634802583250967
927,0.2457587348670778,2.454889766632779
928,3.718803402267709,3.253587903303921
929,-0.0017024482431521738,-1.8304583681727786
930,0.6121374976012872,-2.583225009932852
931,3.440874036366984,1.3293636959227484
932,-0.2106362743259283,1.718628058506255
933,2.312780984847226,0.4145966602765093
934,-0.16696365396574456,-1.4097721396601839
935,3.394340997146068,-0.19454792343268973
936,0.5334086674392075,-2.7985296832060103
937,-0.918487225596902,1.7382910585785467
938,4.30132359642459,-2.20031411289869
939,0.6127400621759136,2.083336129836763
940,5.1740146199655115,-2.8560520551126016
941,0.6006663746135231,-2.2313627543642456
942,0.26180919630024185,-2.9507856266117924
943,-0.1958755204366558,1.2724962738741006
944,3.507588784701094,-1.7384238354352652
945,4.209239724583854,-1.804566410874847
946,4.4663135943358405,1.530790370212313
947,1.1372785101263132,0.26344725711638844
948,0.8938544282771819,-1.5199427438983273
949,-0.18234998976875325,1.3068455110938175
950,4.539750197598323,2.4160120933886287
951,3.973649148444078,-1.7404600517005273
952,-0.6964212661336812,-2.3490143628751907
953,4.556487054267216,2.1446725355978904
954,-0.20643412162474856,2.2955034051288448
955,3.927797524641888,1.9317715882783335
956,-0.12284974969237447,-2.48376100056947
957,3.539122017617622,-2.7319560348942686
958,2.6432749988571587,0.2248883257499347
959,3.44430397473743,2.1302153416025895
960,0.14723685276376242,-0.4587958838325907
961,3.519866630440264,1.1244375059764886
962,4.4928112558024065,-2.398083410556537
963,3.9968837835947304,1.6173268163379668
964,3.018752897212807,-1.990311490596069
965,4.366414538453238,-2.0628030105741457
966,-0.07793659023627317,1.925155254823958
967,0.07047371658660784,1.8505322203137555
968,4.691723739852201,0.9100712683785877
969,2.8458827200455943,-1.195804840551767
970,-0.22465718728452838,-1.7826664336203175
971,1.2124089720069597,-0.22010177695426336
972,0.6934755772419298,-2.6010380506862125
973,3.798338170173881,-2.5431843957072697
974,5.2306876968044,2.690896719950829
975,-0.5890237748200434,2.0937510669623096
976,4.558922834635665,-2.6533838180652176
977,3.4853496527715664,1.347128208539334
978,2.772170351196291,-0.06952123182876095
979,3.516945842190022,-1.9596463683930931
980,-0.4114722450802161,-3.0037460038761568
981,4.5487348243621515,1.1803973195893942
982,0.2557525679536509,-1.12557838078816
983,-0.1697932798007843,2.6573109140589763
984,2.6058205913479875,0.4177118723449197
985,3.890243188128901,-2.39717239959161
986,0.7658711276581278,0.9583771327689941
987,1.1369663580669669,-0.17130168632098763
988,4.869311779398114,-1.6234873860335615
989,2.924891168931183,-0.34597450368984545
990,2.5167951222951546,-0.22025453215488866
991,-0.9244114549741596,3.242669912399672
992,3.4492776259585263,-1.693630956767068
993,-0.6970834125210936,2.2099094284273506
994,0.7157692265855488,2.6378672843599817
995,1.0580827930657999,0.013413453592212802
996,-0.4455329251515514,-1.4075460365398973
997,0.29828890086444876,1.5888653735728169
998,-0.4487964339922152,-2.078544230613128
999,4.742882463508608,-1.3920222788410368
1000,2.709354481632844,-2.005299627388344
1001,1.3489911768327605,-2.552530102442221
1002,-0.8574094252661729,1.7532377719923764
1003,-0.627160064641089,-1.4096043891818852
1004,1.210351384971327,1.021980044191182
1005,0.06794112658797959,-2.182337383490988
1006,-0.49828027396373875,1.4676971620229955
1007,5.199908630105851,2.0084002721061838
1008,-1.4430709077869321,-1.5779563090320137
1009,1.73595313919555,-1.0741528774231446
1010,1.2924486529613688,0.4383532079777399
1011,0.045953703393047905,-1.9840410632779248
1012,1.8140102291874305,-0.0831864741532926
1013,0.27985411783209657,2.238837653362589
1014,1.892099653843958,-1.6313615554443355
1015,4.258780983467971,-2.686599804230674
1016,0.009012663663599839,1.3254630965072693
1017,4.263208063075304,2.8919499622135882
1018,3.1945426731215107,2.929377492925466
1019,0.15493036173319116,1.6462681961833643
1020,-0.6593990954316246,2.2938671105327972
1021,0.4206995128147497,-1.6649569244970435
1022,4.736122545115459,-1.7061389005926384
1023,4.231020516552396,2.0039420270306256
1024,-0.41442416007504096,2.184979584214812
1025,4.734677066171501,-2.0254625701008626
1026,3.9815830751439902,-1.825808769821513
1027,-0.22764724667370034,1.258889906061662
1028,-0.25322493827308035,1.3387140352658102
1029,4.624367185907859,1.8422943739840871
1030,0.8223095226545691,2.0285684693303017
1031,-0.7278906900930829,-2.4570181683641064
1032,0.39594044391027455,-2.112214445019098
1033,4.199773363918304,2.3318459662251763
1034,0.09116441952954707,1.955298854817556
1035,0.7877186969390595,-1.6512050136788894
1036,-0.11445830782123881,-1.3094741893337487
1037,4.412048322733651,-2.364320566710611
1038,3.1614926430656274,0.7141292776246229
1039,0.9047626733225448,-1.659941213108043
1040,4.033129631644492,-0.7727821564530983
1041,0.008547769943976168,-1.7491136846651782
1042,2.5149612713044847,-0.2297617040027368
1043,-0.13610672280573397,1.8828023306720376
1044,2.512223051329154,0.711885552672723
1045,1.3712865527021236,0.482696917631502
1046,2.545696519927426,1.733506674947971
1047,2.4677796912271295,-0.3184211522965529
1048,0.23405077228584106,1.8356406665678142
1049,1.2876566457581968,-0.01583026442556161
1050,3.7136004701480707,-1.3198671122927972
1051,3.4277086355449313,2.386785648797989
1052,0.24989095838301764,-2.0855472983954564
1053,4.343919515032272,-1.8194869365774469
1054,-0.49213377619567455,-2.8790732489935604
1055,1.3234958126547163,0.4807604190415289
1056,-0.44956389088001947,2.297167366874349
1057,0.3654419359606652,-2.442265185803155
